filename,width,height,class,xmin,ymin,xmax,ymax
IMG_4507.jpg,1512,2016,gel,1037,280,1097,365
IMG_4507.jpg,1512,2016,gel,783,361,860,424
IMG_4507.jpg,1512,2016,gel,870,352,953,409
IMG_4507.jpg,1512,2016,gel,745,422,815,492
IMG_4507.jpg,1512,2016,gel,827,421,888,497
IMG_4507.jpg,1512,2016,gel,920,416,990,479
IMG_4507.jpg,1512,2016,gel,980,401,1040,474
IMG_4507.jpg,1512,2016,gel,1028,379,1082,456
IMG_4507.jpg,1512,2016,gel,1070,422,1132,499
IMG_4507.jpg,1512,2016,gel,953,487,1035,539
IMG_4507.jpg,1512,2016,gel,982,536,1065,591
IMG_4507.jpg,1512,2016,gel,895,567,967,631
IMG_4507.jpg,1512,2016,gel,787,524,867,576
IMG_4507.jpg,1512,2016,gel,785,577,870,629
IMG_4507.jpg,1512,2016,gel,748,594,810,666
IMG_4507.jpg,1512,2016,gel,810,621,870,694
IMG_4507.jpg,1512,2016,gel,865,627,920,709
IMG_4507.jpg,1512,2016,gel,825,694,903,752
IMG_4507.jpg,1512,2016,gel,670,619,743,671
IMG_4507.jpg,1512,2016,gel,735,661,807,721
IMG_4507.jpg,1512,2016,gel,688,674,748,739
IMG_4507.jpg,1512,2016,gel,658,721,730,779
IMG_4507.jpg,1512,2016,gel,732,717,795,786
IMG_4507.jpg,1512,2016,gel,747,762,815,827
IMG_4507.jpg,1512,2016,gel,947,762,1018,826
IMG_4507.jpg,1512,2016,gel,1015,756,1078,834
IMG_4507.jpg,1512,2016,gel,543,631,623,689
IMG_4507.jpg,1512,2016,gel,518,686,593,741
IMG_4507.jpg,1512,2016,gel,548,804,622,876
IMG_4507.jpg,1512,2016,gel,650,879,727,931
IMG_4507.jpg,1512,2016,gel,787,829,853,897
IMG_4507.jpg,1512,2016,gel,842,832,900,902
IMG_4507.jpg,1512,2016,gel,630,934,693,996
IMG_4507.jpg,1512,2016,gel,475,1007,552,1061
IMG_4507.jpg,1512,2016,gel,378,1029,435,1106
IMG_4507.jpg,1512,2016,gel,458,1149,535,1211
IMG_4507.jpg,1512,2016,gel,523,1189,587,1257
IMG_4507.jpg,1512,2016,gel,322,1254,398,1311
IMG_4507.jpg,1512,2016,gel,338,1381,403,1446
IMG_4507.jpg,1512,2016,gel,655,987,718,1054
IMG_4507.jpg,1512,2016,gel,633,1057,698,1129
IMG_4507.jpg,1512,2016,gel,683,1027,745,1099
IMG_4507.jpg,1512,2016,gel,732,1036,792,1109
IMG_4507.jpg,1512,2016,gel,718,1154,795,1217
IMG_4507.jpg,1512,2016,gel,707,1227,762,1301
IMG_4507.jpg,1512,2016,gel,757,1227,813,1307
IMG_4507.jpg,1512,2016,gel,782,889,847,942
IMG_4507.jpg,1512,2016,gel,755,937,825,1001
IMG_4507.jpg,1512,2016,gel,735,989,812,1042
IMG_4507.jpg,1512,2016,gel,825,952,888,1026
IMG_4507.jpg,1512,2016,gel,865,921,922,994
IMG_4507.jpg,1512,2016,gel,915,914,973,997
IMG_4507.jpg,1512,2016,gel,962,891,1017,971
IMG_4507.jpg,1512,2016,gel,1025,966,1102,1019
IMG_4507.jpg,1512,2016,gel,890,986,957,1042
IMG_4507.jpg,1512,2016,gel,935,1017,998,1086
IMG_4507.jpg,1512,2016,gel,800,1012,868,1069
IMG_4507.jpg,1512,2016,gel,797,1061,872,1117
IMG_4507.jpg,1512,2016,gel,808,1111,887,1164
IMG_4507.jpg,1512,2016,gel,815,1162,895,1216
IMG_4507.jpg,1512,2016,gel,960,1109,1032,1164
IMG_4507.jpg,1512,2016,gel,927,1151,988,1231
IMG_4507.jpg,1512,2016,gel,1095,1347,1163,1414
IMG_4507.jpg,1512,2016,gel,1052,1016,1117,1086
IMG_4507.jpg,1512,2016,gel,1073,1076,1150,1137
IMG_4507.jpg,1512,2016,gel,1083,1126,1163,1179
IMG_4507.jpg,1512,2016,gel,1090,1174,1173,1226
IMG_4507.jpg,1512,2016,gel,747,1765,824,1843
IMG_4508.jpg,1512,2016,gel,312,395,377,470
IMG_4508.jpg,1512,2016,gel,438,422,513,476
IMG_4508.jpg,1512,2016,gel,443,471,517,519
IMG_4508.jpg,1512,2016,gel,452,532,527,586
IMG_4508.jpg,1512,2016,gel,545,521,615,574
IMG_4508.jpg,1512,2016,gel,495,569,550,641
IMG_4508.jpg,1512,2016,gel,543,574,597,639
IMG_4508.jpg,1512,2016,gel,563,619,633,676
IMG_4508.jpg,1512,2016,gel,838,664,897,732
IMG_4508.jpg,1512,2016,gel,885,634,938,704
IMG_4508.jpg,1512,2016,gel,965,654,1030,714
IMG_4508.jpg,1512,2016,gel,920,672,977,739
IMG_4508.jpg,1512,2016,gel,972,702,1032,776
IMG_4508.jpg,1512,2016,gel,1025,684,1077,754
IMG_4508.jpg,1512,2016,gel,1183,686,1242,751
IMG_4508.jpg,1512,2016,gel,1235,662,1300,727
IMG_4508.jpg,1512,2016,gel,1242,716,1312,776
IMG_4508.jpg,1512,2016,gel,1362,604,1418,684
IMG_4508.jpg,1512,2016,gel,1417,637,1477,714
IMG_4508.jpg,1512,2016,gel,848,726,923,774
IMG_4508.jpg,1512,2016,gel,923,724,985,789
IMG_4508.jpg,1512,2016,gel,978,772,1057,831
IMG_4508.jpg,1512,2016,gel,1008,824,1085,876
IMG_4508.jpg,1512,2016,gel,877,772,953,827
IMG_4508.jpg,1512,2016,gel,840,796,910,851
IMG_4508.jpg,1512,2016,gel,912,814,983,872
IMG_4508.jpg,1512,2016,gel,925,861,992,917
IMG_4508.jpg,1512,2016,gel,820,839,897,899
IMG_4508.jpg,1512,2016,gel,865,866,930,932
IMG_4508.jpg,1512,2016,gel,908,909,975,964
IMG_4508.jpg,1512,2016,gel,985,862,1067,917
IMG_4508.jpg,1512,2016,gel,462,787,528,859
IMG_4508.jpg,1512,2016,gel,510,809,582,871
IMG_4508.jpg,1512,2016,gel,467,862,543,919
IMG_4508.jpg,1512,2016,gel,373,877,435,952
IMG_4508.jpg,1512,2016,gel,448,989,517,1054
IMG_4508.jpg,1512,2016,gel,310,1077,388,1134
IMG_4508.jpg,1512,2016,gel,287,1167,360,1232
IMG_4508.jpg,1512,2016,gel,293,1219,362,1279
IMG_4508.jpg,1512,2016,gel,330,1239,400,1304
IMG_4508.jpg,1512,2016,gel,63,1249,137,1312
IMG_4508.jpg,1512,2016,gel,210,1269,272,1342
IMG_4508.jpg,1512,2016,gel,238,1357,290,1431
IMG_4508.jpg,1512,2016,gel,490,1026,545,1097
IMG_4508.jpg,1512,2016,gel,543,1016,595,1091
IMG_4508.jpg,1512,2016,gel,587,1006,638,1081
IMG_4508.jpg,1512,2016,gel,727,846,792,906
IMG_4508.jpg,1512,2016,gel,728,902,782,976
IMG_4508.jpg,1512,2016,gel,647,947,717,1007
IMG_4508.jpg,1512,2016,gel,703,956,757,1029
IMG_4508.jpg,1512,2016,gel,760,937,815,1006
IMG_4508.jpg,1512,2016,gel,812,947,860,1022
IMG_4508.jpg,1512,2016,gel,717,1032,788,1081
IMG_4508.jpg,1512,2016,gel,702,1079,758,1157
IMG_4508.jpg,1512,2016,gel,750,1074,827,1136
IMG_4508.jpg,1512,2016,gel,825,1332,880,1414
IMG_4508.jpg,1512,2016,gel,685,1577,750,1654
IMG_4508.jpg,1512,2016,gel,945,936,997,1009
IMG_4508.jpg,1512,2016,gel,993,926,1063,997
IMG_4508.jpg,1512,2016,gel,980,976,1032,1052
IMG_4508.jpg,1512,2016,gel,1020,1007,1080,1081
IMG_4508.jpg,1512,2016,gel,1060,969,1110,1049
IMG_4508.jpg,1512,2016,gel,1065,1046,1125,1111
IMG_4508.jpg,1512,2016,gel,685,1577,750,1654
IMG_4508.jpg,1512,2016,gel,1073,1177,1137,1251
IMG_4508.jpg,1512,2016,gel,1145,1042,1223,1099
IMG_4508.jpg,1512,2016,gel,1177,1079,1262,1137
IMG_4508.jpg,1512,2016,gel,1278,1064,1347,1129
IMG_4508.jpg,1512,2016,gel,1355,1174,1438,1231
IMG_4361_5.jpg,855,554,tablet,2,12,208,238
IMG_4361_5.jpg,855,554,tablet,1,384,109,554
IMG_4361_5.jpg,855,554,tablet,133,276,360,496
IMG_4361_5.jpg,855,554,tablet,271,113,493,337
IMG_4361_5.jpg,855,554,tablet,397,260,617,492
IMG_4361_5.jpg,855,554,tablet,619,37,841,261
IMG_4361_5.jpg,855,554,tablet,240,1,450,71
IMG_4361_5.jpg,855,554,tablet,471,1,666,70
IMG_4357_1.jpg,1154,1435,capsule,158,60,545,319
IMG_4357_1.jpg,1154,1435,capsule,208,204,601,447
IMG_4357_1.jpg,1154,1435,capsule,179,425,595,586
IMG_4357_1.jpg,1154,1435,capsule,14,582,423,749
IMG_4357_1.jpg,1154,1435,capsule,219,697,545,1043
IMG_4357_1.jpg,1154,1435,capsule,360,836,786,1060
IMG_4357_1.jpg,1154,1435,capsule,182,1045,473,1406
IMG_4357_1.jpg,1154,1435,capsule,482,1017,677,1421
IMG_4357_1.jpg,1154,1435,capsule,601,1017,816,1432
IMG_4357_1.jpg,1154,1435,capsule,816,965,1032,1375
IMG_4357_1.jpg,1154,1435,capsule,947,965,1154,1406
IMG_4357_1.jpg,1154,1435,capsule,986,773,986,773
IMG_4357_1.jpg,1154,1435,capsule,640,673,1010,958
IMG_4357_1.jpg,1154,1435,capsule,577,128,862,506
IMG_4357_1.jpg,1154,1435,capsule,629,295,929,673
IMG_4357_1.jpg,1154,1435,capsule,829,225,1114,610
IMG_4357_1.jpg,1154,1435,capsule,990,541,1154,891
IMG_4357_1.jpg,1154,1435,capsule,886,378,1154,773
IMG_4359_5.jpg,195,246,capsule,1,36,194,246
IMG_4359_3.jpg,625,296,capsule,14,77,248,291
IMG_4359_3.jpg,625,296,capsule,257,1,585,124
IMG_4359_3.jpg,625,296,capsule,218,77,555,189
IMG_4359_3.jpg,625,296,capsule,270,161,609,290
IMG_4361_2.jpg,550,750,tablet,226,19,463,282
IMG_4361_2.jpg,550,750,tablet,314,281,547,523
IMG_4361_2.jpg,550,750,tablet,269,527,503,747
IMG_4361_2.jpg,550,750,tablet,9,422,238,664
IMG_4352_3.jpg,906,441,capsule,396,21,795,182
IMG_4352_3.jpg,906,441,capsule,2,5,395,204
IMG_4352_3.jpg,906,441,capsule,1,130,44,277
IMG_4357_3.jpg,1036,1737,capsule,334,18,747,165
IMG_4357_3.jpg,1036,1737,capsule,695,331,937,731
IMG_4357_3.jpg,1036,1737,capsule,675,822,865,1227
IMG_4357_3.jpg,1036,1737,capsule,387,1268,726,1578
IMG_4357_3.jpg,1036,1737,capsule,58,1507,453,1737
IMG_4357_3.jpg,1036,1737,capsule,3,62,142,255
IMG_4357_3.jpg,1036,1737,capsule,26,160,382,478
IMG_4357_3.jpg,1036,1737,capsule,471,420,711,815
IMG_4357_3.jpg,1036,1737,capsule,337,447,558,826
IMG_4357_3.jpg,1036,1737,capsule,158,431,418,812
IMG_4357_3.jpg,1036,1737,capsule,8,465,282,812
IMG_4357_3.jpg,1036,1737,capsule,11,728,163,1131
IMG_4357_3.jpg,1036,1737,capsule,158,783,339,1191
IMG_4357_3.jpg,1036,1737,capsule,292,805,642,1123
IMG_4357_3.jpg,1036,1737,capsule,392,920,700,1273
IMG_4357_3.jpg,1036,1737,capsule,245,1131,392,1526
IMG_4357_3.jpg,1036,1737,capsule,105,1183,255,1578
IMG_4357_3.jpg,1036,1737,capsule,1,1126,118,1531
IMG_4352_2.jpg,233,376,capsule,15,3,225,348
IMG_4352_2.jpg,233,376,capsule,22,1,153,57
IMG_4353_3.jpg,492,416,capsule,1,3,201,347
IMG_4353_3.jpg,492,416,capsule,143,3,332,416
IMG_4353_3.jpg,492,416,capsule,296,104,481,410
IMG_4353_3.jpg,492,416,capsule,2,308,207,412
IMG_4353_3.jpg,492,416,capsule,329,1,489,181
IMG_4353_3.jpg,492,416,capsule,234,1,393,104
IMG_4353_2.jpg,531,800,capsule,37,533,531,798
IMG_4353_2.jpg,531,800,capsule,42,299,531,612
IMG_4353_2.jpg,531,800,capsule,17,14,303,347
IMG_4353_2.jpg,531,800,capsule,235,111,531,468
IMG_4353_2.jpg,531,800,capsule,1,192,125,367
IMG_4376_3.jpg,481,621,capsule,12,464,382,601
IMG_4376_3.jpg,481,621,capsule,292,206,474,493
IMG_4376_3.jpg,481,621,capsule,389,4,481,273
IMG_4361_6.jpg,820,551,tablet,9,44,260,279
IMG_4361_6.jpg,820,551,tablet,114,303,387,538
IMG_4361_6.jpg,820,551,tablet,297,1,541,219
IMG_4361_6.jpg,820,551,tablet,542,14,779,247
IMG_4361_6.jpg,820,551,tablet,390,207,626,434
IMG_4361_6.jpg,820,551,tablet,593,320,818,547
IMG_4361_6.jpg,820,551,tablet,739,146,820,367
IMG_4376_1.jpg,369,370,capsule,24,38,197,282
IMG_4376_1.jpg,369,370,capsule,159,74,329,332
IMG_4357_5.jpg,694,280,capsule,33,130,441,280
IMG_4502.jpg,1512,2016,capsule,382,115,484,220
IMG_4502.jpg,1512,2016,capsule,493,89,597,162
IMG_4502.jpg,1512,2016,capsule,755,34,822,151
IMG_4502.jpg,1512,2016,capsule,735,144,835,232
IMG_4502.jpg,1512,2016,capsule,550,181,655,241
IMG_4502.jpg,1512,2016,capsule,652,209,757,269
IMG_4502.jpg,1512,2016,capsule,998,294,1075,387
IMG_4502.jpg,1512,2016,capsule,425,317,532,367
IMG_4502.jpg,1512,2016,capsule,470,337,573,421
IMG_4502.jpg,1512,2016,capsule,563,349,665,411
IMG_4502.jpg,1512,2016,capsule,682,436,772,516
IMG_4502.jpg,1512,2016,capsule,858,392,950,469
IMG_4502.jpg,1512,2016,capsule,1057,404,1145,494
IMG_4502.jpg,1512,2016,capsule,1172,509,1273,556
IMG_4502.jpg,1512,2016,capsule,1193,564,1302,612
IMG_4502.jpg,1512,2016,capsule,465,449,563,509
IMG_4502.jpg,1512,2016,capsule,602,534,657,637
IMG_4502.jpg,1512,2016,capsule,650,524,725,631
IMG_4502.jpg,1512,2016,capsule,543,629,650,677
IMG_4502.jpg,1512,2016,capsule,438,621,515,712
IMG_4502.jpg,1512,2016,capsule,440,687,515,782
IMG_4502.jpg,1512,2016,capsule,372,649,457,741
IMG_4502.jpg,1512,2016,capsule,248,679,343,769
IMG_4502.jpg,1512,2016,capsule,307,726,385,824
IMG_4502.jpg,1512,2016,capsule,345,737,427,829
IMG_4502.jpg,1512,2016,capsule,248,817,328,916
IMG_4502.jpg,1512,2016,capsule,170,1044,233,1136
IMG_4502.jpg,1512,2016,capsule,232,1109,335,1181
IMG_4502.jpg,1512,2016,capsule,317,1067,418,1122
IMG_4502.jpg,1512,2016,capsule,390,1036,473,1126
IMG_4502.jpg,1512,2016,capsule,418,997,518,1076
IMG_4502.jpg,1512,2016,capsule,427,871,527,946
IMG_4502.jpg,1512,2016,capsule,518,822,563,931
IMG_4502.jpg,1512,2016,capsule,555,907,625,1004
IMG_4502.jpg,1512,2016,capsule,598,841,695,919
IMG_4502.jpg,1512,2016,capsule,798,647,872,737
IMG_4502.jpg,1512,2016,capsule,748,732,848,772
IMG_4502.jpg,1512,2016,capsule,763,769,868,809
IMG_4502.jpg,1512,2016,capsule,825,606,933,656
IMG_4502.jpg,1512,2016,capsule,895,459,1002,511
IMG_4502.jpg,1512,2016,capsule,875,507,985,561
IMG_4502.jpg,1512,2016,capsule,892,552,988,629
IMG_4502.jpg,1512,2016,capsule,970,542,1072,591
IMG_4502.jpg,1512,2016,capsule,1045,569,1145,616
IMG_4502.jpg,1512,2016,capsule,988,496,1098,551
IMG_4502.jpg,1512,2016,capsule,1073,669,1117,776
IMG_4502.jpg,1512,2016,capsule,1022,701,1083,799
IMG_4502.jpg,1512,2016,capsule,952,706,1030,802
IMG_4502.jpg,1512,2016,capsule,1237,716,1337,789
IMG_4502.jpg,1512,2016,capsule,1378,711,1443,814
IMG_4502.jpg,1512,2016,capsule,1280,737,1372,814
IMG_4502.jpg,1512,2016,capsule,1077,781,1182,831
IMG_4502.jpg,1512,2016,capsule,967,764,1042,849
IMG_4502.jpg,1512,2016,capsule,893,791,975,872
IMG_4502.jpg,1512,2016,capsule,792,861,857,952
IMG_4502.jpg,1512,2016,capsule,862,857,955,926
IMG_4502.jpg,1512,2016,capsule,833,909,908,997
IMG_4502.jpg,1512,2016,capsule,892,909,950,1009
IMG_4502.jpg,1512,2016,capsule,967,836,1057,904
IMG_4502.jpg,1512,2016,capsule,1142,854,1195,954
IMG_4502.jpg,1512,2016,capsule,1197,867,1240,967
IMG_4502.jpg,1512,2016,capsule,1283,826,1363,916
IMG_4502.jpg,1512,2016,capsule,1238,884,1298,984
IMG_4502.jpg,1512,2016,capsule,1280,892,1357,981
IMG_4502.jpg,1512,2016,capsule,1355,886,1410,987
IMG_4502.jpg,1512,2016,capsule,1347,974,1450,1041
IMG_4502.jpg,1512,2016,capsule,980,894,1075,954
IMG_4502.jpg,1512,2016,capsule,962,946,1055,1007
IMG_4502.jpg,1512,2016,capsule,1055,916,1133,1002
IMG_4502.jpg,1512,2016,capsule,1068,949,1152,1034
IMG_4502.jpg,1512,2016,capsule,1075,996,1162,1074
IMG_4502.jpg,1512,2016,capsule,1162,956,1260,1021
IMG_4502.jpg,1512,2016,capsule,1225,1027,1317,1084
IMG_4502.jpg,1512,2016,capsule,1260,1061,1353,1122
IMG_4502.jpg,1512,2016,capsule,1332,1112,1432,1157
IMG_4502.jpg,1512,2016,capsule,1192,1117,1293,1172
IMG_4502.jpg,1512,2016,capsule,1155,1057,1203,1159
IMG_4502.jpg,1512,2016,capsule,1098,1037,1173,1126
IMG_4502.jpg,1512,2016,capsule,977,986,1068,1057
IMG_4502.jpg,1512,2016,capsule,887,1034,985,1094
IMG_4502.jpg,1512,2016,capsule,952,1047,1042,1112
IMG_4502.jpg,1512,2016,capsule,1003,1077,1103,1129
IMG_4502.jpg,1512,2016,capsule,400,1111,498,1164
IMG_4502.jpg,1512,2016,capsule,435,1189,537,1234
IMG_4502.jpg,1512,2016,capsule,535,1166,632,1222
IMG_4502.jpg,1512,2016,capsule,543,1207,637,1261
IMG_4502.jpg,1512,2016,capsule,558,1249,648,1319
IMG_4502.jpg,1512,2016,capsule,652,1149,740,1217
IMG_4502.jpg,1512,2016,capsule,677,1117,770,1191
IMG_4502.jpg,1512,2016,capsule,712,1087,800,1171
IMG_4502.jpg,1512,2016,capsule,690,1187,780,1271
IMG_4502.jpg,1512,2016,capsule,775,1226,835,1329
IMG_4502.jpg,1512,2016,capsule,840,1111,885,1211
IMG_4502.jpg,1512,2016,capsule,868,1196,912,1294
IMG_4502.jpg,1512,2016,capsule,912,1132,962,1229
IMG_4502.jpg,1512,2016,capsule,953,1106,1038,1187
IMG_4502.jpg,1512,2016,capsule,1042,1117,1093,1211
IMG_4502.jpg,1512,2016,capsule,1092,1127,1190,1189
IMG_4502.jpg,1512,2016,capsule,1083,1161,1178,1226
IMG_4502.jpg,1512,2016,capsule,1070,1192,1167,1254
IMG_4502.jpg,1512,2016,capsule,1172,1207,1230,1301
IMG_4502.jpg,1512,2016,capsule,338,1417,413,1507
IMG_4502.jpg,1512,2016,capsule,483,1382,588,1437
IMG_4502.jpg,1512,2016,capsule,787,1397,875,1479
IMG_4502.jpg,1512,2016,capsule,943,1201,992,1301
IMG_4502.jpg,1512,2016,capsule,1062,1307,1130,1406
IMG_4502.jpg,1512,2016,capsule,1120,1327,1198,1421
IMG_4502.jpg,1512,2016,capsule,1137,1297,1218,1384
IMG_4502.jpg,1512,2016,capsule,1253,1291,1345,1376
IMG_4502.jpg,1512,2016,capsule,1197,1507,1302,1559
IMG_4502.jpg,1512,2016,capsule,928,1554,978,1652
IMG_4502.jpg,1512,2016,capsule,860,1586,940,1664
IMG_4502.jpg,1512,2016,capsule,758,1592,865,1639
IMG_4502.jpg,1512,2016,capsule,630,1632,727,1694
IMG_4502.jpg,1512,2016,capsule,547,1662,607,1761
IMG_4502.jpg,1512,2016,capsule,610,1724,675,1822
IMG_4502.jpg,1512,2016,capsule,803,1836,887,1919
IMG_4502.jpg,1512,2016,capsule,965,1742,1050,1832
IMG_4357_6.jpg,482,904,capsule,15,8,260,407
IMG_4357_6.jpg,482,904,capsule,1,500,195,900
IMG_4361_1.jpg,813,857,tablet,234,40,494,307
IMG_4361_1.jpg,813,857,tablet,438,269,677,532
IMG_4361_1.jpg,813,857,tablet,644,157,813,422
IMG_4361_1.jpg,813,857,tablet,5,576,246,828
IMG_4361_1.jpg,813,857,tablet,382,628,622,857
IMG_4361_1.jpg,813,857,tablet,581,487,813,735
IMG_4361_1.jpg,813,857,tablet,586,768,811,857
IMG_4359_1.jpg,635,393,capsule,155,9,432,210
IMG_4359_1.jpg,635,393,capsule,1,53,281,227
IMG_4357_4.jpg,689,600,capsule,121,14,346,405
IMG_4357_2.jpg,1008,779,capsule,14,173,409,430
IMG_4357_2.jpg,1008,779,capsule,443,5,841,242
IMG_4357_2.jpg,1008,779,capsule,606,204,981,456
IMG_4357_2.jpg,1008,779,capsule,518,318,909,592
IMG_4357_2.jpg,1008,779,capsule,147,357,524,639
IMG_4357_2.jpg,1008,779,capsule,278,492,684,719
IMG_4357_2.jpg,1008,779,capsule,365,631,769,779
IMG_4357_2.jpg,1008,779,capsule,3,611,97,779
IMG_4513.jpg,2016,1512,gel,236,374,319,491
IMG_4513.jpg,2016,1512,gel,318,391,416,485
IMG_4513.jpg,2016,1512,gel,310,482,405,589
IMG_4513.jpg,2016,1512,gel,386,515,471,622
IMG_4513.jpg,2016,1512,gel,707,319,794,422
IMG_4513.jpg,2016,1512,gel,819,422,927,504
IMG_4513.jpg,2016,1512,gel,707,498,799,597
IMG_4513.jpg,2016,1512,gel,1238,435,1319,547
IMG_4359_2.jpg,585,381,capsule,126,91,334,368
IMG_4509.jpg,1512,2016,gel,442,168,502,235
IMG_4509.jpg,1512,2016,gel,475,527,522,589
IMG_4509.jpg,1512,2016,gel,342,599,397,656
IMG_4509.jpg,1512,2016,gel,373,682,440,727
IMG_4509.jpg,1512,2016,gel,427,716,487,764
IMG_4509.jpg,1512,2016,gel,515,539,577,586
IMG_4509.jpg,1512,2016,gel,528,577,583,634
IMG_4509.jpg,1512,2016,gel,630,457,692,501
IMG_4509.jpg,1512,2016,gel,690,459,753,512
IMG_4509.jpg,1512,2016,gel,775,459,832,507
IMG_4509.jpg,1512,2016,gel,670,564,723,626
IMG_4509.jpg,1512,2016,gel,638,497,697,544
IMG_4509.jpg,1512,2016,gel,638,604,685,662
IMG_4509.jpg,1512,2016,gel,593,614,642,671
IMG_4509.jpg,1512,2016,gel,548,656,612,711
IMG_4509.jpg,1512,2016,gel,562,739,612,794
IMG_4509.jpg,1512,2016,gel,835,557,890,612
IMG_4509.jpg,1512,2016,gel,852,626,895,681
IMG_4509.jpg,1512,2016,gel,895,636,945,694
IMG_4509.jpg,1512,2016,gel,967,621,1022,669
IMG_4509.jpg,1512,2016,gel,1332,681,1390,736
IMG_4509.jpg,1512,2016,gel,948,676,1003,721
IMG_4509.jpg,1512,2016,gel,978,697,1035,751
IMG_4509.jpg,1512,2016,gel,877,691,937,739
IMG_4509.jpg,1512,2016,gel,875,751,917,806
IMG_4509.jpg,1512,2016,gel,1062,824,1112,886
IMG_4509.jpg,1512,2016,gel,1297,896,1348,947
IMG_4509.jpg,1512,2016,gel,995,886,1052,939
IMG_4509.jpg,1512,2016,gel,1032,902,1078,961
IMG_4509.jpg,1512,2016,gel,945,911,995,969
IMG_4509.jpg,1512,2016,gel,980,937,1028,1004
IMG_4509.jpg,1512,2016,gel,1275,1222,1328,1277
IMG_4509.jpg,1512,2016,gel,577,822,622,881
IMG_4509.jpg,1512,2016,gel,192,901,253,954
IMG_4509.jpg,1512,2016,gel,233,889,287,944
IMG_4509.jpg,1512,2016,gel,438,906,503,954
IMG_4509.jpg,1512,2016,gel,580,872,640,924
IMG_4509.jpg,1512,2016,gel,647,929,695,989
IMG_4509.jpg,1512,2016,gel,357,1014,413,1069
IMG_4509.jpg,1512,2016,gel,343,1056,398,1106
IMG_4509.jpg,1512,2016,gel,415,1087,473,1134
IMG_4509.jpg,1512,2016,gel,192,1231,242,1289
IMG_4509.jpg,1512,2016,gel,602,1069,653,1122
IMG_4509.jpg,1512,2016,gel,652,1156,697,1214
IMG_4509.jpg,1512,2016,gel,597,1242,645,1296
IMG_4509.jpg,1512,2016,gel,503,1294,563,1342
IMG_4509.jpg,1512,2016,gel,660,971,712,1022
IMG_4509.jpg,1512,2016,gel,757,949,807,1007
IMG_4509.jpg,1512,2016,gel,725,966,775,1021
IMG_4509.jpg,1512,2016,gel,697,994,743,1057
IMG_4509.jpg,1512,2016,gel,728,1017,775,1077
IMG_4509.jpg,1512,2016,gel,767,997,820,1044
IMG_4509.jpg,1512,2016,gel,793,1024,847,1071
IMG_4509.jpg,1512,2016,gel,788,1059,845,1107
IMG_4509.jpg,1512,2016,gel,758,1079,808,1129
IMG_4509.jpg,1512,2016,gel,797,1104,858,1156
IMG_4509.jpg,1512,2016,gel,872,1064,922,1117
IMG_4509.jpg,1512,2016,gel,853,1109,900,1166
IMG_4509.jpg,1512,2016,gel,927,1112,977,1169
IMG_4509.jpg,1512,2016,gel,908,1171,958,1226
IMG_4509.jpg,1512,2016,gel,875,1184,927,1239
IMG_4509.jpg,1512,2016,gel,817,1548,867,1618
IMG_4509.jpg,1512,2016,gel,1084,1465,1152,1505
IMG_4509.jpg,1512,2016,gel,699,1658,754,1708
IMG_4509.jpg,1512,2016,gel,944,1655,989,1710
IMG_4509.jpg,1512,2016,gel,1052,1588,1112,1638
IMG_4509.jpg,1512,2016,gel,1039,1848,1089,1913
IMG_4510.jpg,2016,1512,gel,953,122,1047,195
IMG_4510.jpg,2016,1512,gel,1112,247,1182,328
IMG_4510.jpg,2016,1512,gel,1299,250,1386,326
IMG_4510.jpg,2016,1512,gel,1242,267,1316,363
IMG_4510.jpg,2016,1512,gel,1142,310,1221,382
IMG_4510.jpg,2016,1512,gel,1208,332,1277,424
IMG_4510.jpg,2016,1512,gel,1058,332,1147,406
IMG_4510.jpg,2016,1512,gel,1118,380,1181,476
IMG_4510.jpg,2016,1512,gel,1175,385,1245,480
IMG_4510.jpg,2016,1512,gel,1051,410,1123,498
IMG_4510.jpg,2016,1512,gel,1118,463,1195,550
IMG_4510.jpg,2016,1512,gel,1177,495,1264,571
IMG_4510.jpg,2016,1512,gel,1286,558,1373,641
IMG_4510.jpg,2016,1512,gel,1001,487,1082,560
IMG_4510.jpg,2016,1512,gel,1066,515,1131,611
IMG_4510.jpg,2016,1512,gel,1118,539,1186,634
IMG_4510.jpg,2016,1512,gel,1173,558,1271,637
IMG_4510.jpg,2016,1512,gel,1179,621,1273,691
IMG_4510.jpg,2016,1512,gel,1286,667,1360,760
IMG_4510.jpg,2016,1512,gel,1173,728,1255,795
IMG_4510.jpg,2016,1512,gel,1236,780,1319,856
IMG_4510.jpg,2016,1512,gel,899,450,986,522
IMG_4510.jpg,2016,1512,gel,1018,593,1094,672
IMG_4510.jpg,2016,1512,gel,1094,615,1179,693
IMG_4510.jpg,2016,1512,gel,1066,674,1160,741
IMG_4510.jpg,2016,1512,gel,1079,734,1168,806
IMG_4510.jpg,2016,1512,gel,1160,789,1242,861
IMG_4510.jpg,2016,1512,gel,1138,832,1207,922
IMG_4510.jpg,2016,1512,gel,1118,943,1205,1010
IMG_4510.jpg,2016,1512,gel,1079,1111,1158,1195
IMG_4510.jpg,2016,1512,gel,1045,941,1114,1034
IMG_4510.jpg,2016,1512,gel,981,965,1058,1054
IMG_4510.jpg,2016,1512,gel,986,906,1084,963
IMG_4510.jpg,2016,1512,gel,973,850,1068,913
IMG_4510.jpg,2016,1512,gel,1086,800,1157,882
IMG_4510.jpg,2016,1512,gel,1005,795,1090,861
IMG_4510.jpg,2016,1512,gel,1005,724,1092,804
IMG_4510.jpg,2016,1512,gel,988,647,1071,724
IMG_4510.jpg,2016,1512,gel,916,582,994,658
IMG_4510.jpg,2016,1512,gel,905,652,1005,722
IMG_4510.jpg,2016,1512,gel,938,698,1032,772
IMG_4510.jpg,2016,1512,gel,931,761,999,852
IMG_4510.jpg,2016,1512,gel,899,895,995,971
IMG_4510.jpg,2016,1512,gel,901,954,981,1037
IMG_4510.jpg,2016,1512,gel,845,926,914,1019
IMG_4510.jpg,2016,1512,gel,808,982,884,1071
IMG_4510.jpg,2016,1512,gel,753,1047,838,1122
IMG_4510.jpg,2016,1512,gel,742,971,818,1047
IMG_4510.jpg,2016,1512,gel,718,906,792,991
IMG_4510.jpg,2016,1512,gel,664,945,736,1032
IMG_4510.jpg,2016,1512,gel,595,932,673,1004
IMG_4510.jpg,2016,1512,gel,590,874,664,935
IMG_4510.jpg,2016,1512,gel,844,810,912,904
IMG_4510.jpg,2016,1512,gel,769,800,847,889
IMG_4510.jpg,2016,1512,gel,651,835,740,910
IMG_4510.jpg,2016,1512,gel,692,784,790,856
IMG_4510.jpg,2016,1512,gel,560,806,653,880
IMG_4510.jpg,2016,1512,gel,586,735,662,826
IMG_4510.jpg,2016,1512,gel,651,713,736,798
IMG_4510.jpg,2016,1512,gel,557,669,657,745
IMG_4510.jpg,2016,1512,gel,597,621,681,700
IMG_4510.jpg,2016,1512,gel,642,582,719,661
IMG_4510.jpg,2016,1512,gel,695,554,786,639
IMG_4510.jpg,2016,1512,gel,799,554,875,650
IMG_4510.jpg,2016,1512,gel,853,513,927,604
IMG_4510.jpg,2016,1512,gel,677,487,768,548
IMG_4510.jpg,2016,1512,gel,762,430,849,511
IMG_4358_1.jpg,420,351,capsule,70,46,420,344
IMG_4361_4.jpg,675,689,tablet,1,8,232,238
IMG_4361_4.jpg,675,689,tablet,5,231,236,459
IMG_4361_4.jpg,675,689,tablet,4,465,183,680
IMG_4361_4.jpg,675,689,tablet,205,94,432,331
IMG_4361_4.jpg,675,689,tablet,179,371,406,588
IMG_4361_4.jpg,675,689,tablet,242,592,466,689
IMG_4361_4.jpg,675,689,tablet,459,1,675,195
IMG_4361_4.jpg,675,689,tablet,373,232,597,470
IMG_4361_4.jpg,675,689,tablet,593,273,675,492
IMG_4361_4.jpg,675,689,tablet,431,461,657,683
IMG_4504.jpg,1512,2016,capsule,622,718,674,838
IMG_4504.jpg,1512,2016,capsule,672,778,762,883
IMG_4504.jpg,1512,2016,capsule,852,700,967,768
IMG_4504.jpg,1512,2016,capsule,914,798,987,903
IMG_4504.jpg,1512,2016,capsule,1012,800,1074,923
IMG_4504.jpg,1512,2016,capsule,1144,788,1259,845
IMG_4504.jpg,1512,2016,capsule,539,1003,649,1073
IMG_4504.jpg,1512,2016,capsule,484,1070,567,1190
IMG_4504.jpg,1512,2016,capsule,692,1088,769,1205
IMG_4504.jpg,1512,2016,capsule,1027,1235,1087,1360
IMG_4504.jpg,1512,2016,capsule,929,1503,1049,1560
IMG_4352_4.jpg,369,163,capsule,7,28,341,158
IMG_4352_4.jpg,369,163,capsule,51,126,172,163
IMG_4352_4.jpg,369,163,capsule,218,93,367,163
IMG_4353_1.jpg,720,541,capsule,10,14,196,376
IMG_4353_1.jpg,720,541,capsule,164,64,336,432
IMG_4353_1.jpg,720,541,capsule,343,196,707,521
IMG_4353_1.jpg,720,541,capsule,335,33,695,315
IMG_4353_1.jpg,720,541,capsule,256,1,453,76
IMG_4353_1.jpg,720,541,capsule,452,1,610,77
IMG_4506.jpg,1512,2016,capsule,232,1243,374,1325
IMG_4506.jpg,1512,2016,capsule,82,973,187,1110
IMG_4506.jpg,1512,2016,capsule,117,843,232,963
IMG_4506.jpg,1512,2016,capsule,244,738,392,815
IMG_4506.jpg,1512,2016,capsule,477,658,619,753
IMG_4506.jpg,1512,2016,capsule,559,585,677,713
IMG_4506.jpg,1512,2016,capsule,707,483,812,633
IMG_4506.jpg,1512,2016,capsule,802,520,949,613
IMG_4506.jpg,1512,2016,capsule,1032,423,1174,538
IMG_4506.jpg,1512,2016,capsule,1297,543,1432,673
IMG_4506.jpg,1512,2016,capsule,1119,560,1274,643
IMG_4506.jpg,1512,2016,capsule,1052,573,1162,708
IMG_4506.jpg,1512,2016,capsule,1144,628,1289,703
IMG_4506.jpg,1512,2016,capsule,672,655,819,730
IMG_4506.jpg,1512,2016,capsule,662,713,824,793
IMG_4506.jpg,1512,2016,capsule,612,713,682,860
IMG_4506.jpg,1512,2016,capsule,544,773,637,910
IMG_4506.jpg,1512,2016,capsule,482,788,569,928
IMG_4506.jpg,1512,2016,capsule,372,903,522,965
IMG_4506.jpg,1512,2016,capsule,377,953,532,1025
IMG_4506.jpg,1512,2016,capsule,429,1008,509,1153
IMG_4506.jpg,1512,2016,capsule,544,893,682,990
IMG_4506.jpg,1512,2016,capsule,654,788,789,893
IMG_4506.jpg,1512,2016,capsule,704,855,779,998
IMG_4506.jpg,1512,2016,capsule,572,933,707,1035
IMG_4506.jpg,1512,2016,capsule,547,1065,664,1193
IMG_4506.jpg,1512,2016,capsule,547,1158,662,1295
IMG_4506.jpg,1512,2016,capsule,659,1360,809,1423
IMG_4506.jpg,1512,2016,capsule,652,1113,787,1185
IMG_4506.jpg,1512,2016,capsule,659,1203,804,1263
IMG_4506.jpg,1512,2016,capsule,692,1248,829,1328
IMG_4506.jpg,1512,2016,capsule,787,1240,897,1368
IMG_4506.jpg,1512,2016,capsule,887,1243,1019,1348
IMG_4506.jpg,1512,2016,capsule,797,1110,862,1245
IMG_4506.jpg,1512,2016,capsule,854,1155,994,1253
IMG_4506.jpg,1512,2016,capsule,782,833,904,960
IMG_4506.jpg,1512,2016,capsule,772,915,837,1058
IMG_4506.jpg,1512,2016,capsule,827,970,939,1093
IMG_4506.jpg,1512,2016,capsule,822,1033,929,1178
IMG_4506.jpg,1512,2016,capsule,919,1035,992,1183
IMG_4506.jpg,1512,2016,capsule,977,755,1064,903
IMG_4506.jpg,1512,2016,capsule,1074,708,1202,843
IMG_4506.jpg,1512,2016,capsule,1067,808,1182,925
IMG_4506.jpg,1512,2016,capsule,1144,810,1277,920
IMG_4506.jpg,1512,2016,capsule,1289,825,1442,905
IMG_4506.jpg,1512,2016,capsule,1292,880,1442,958
IMG_4506.jpg,1512,2016,capsule,932,915,1084,970
IMG_4506.jpg,1512,2016,capsule,914,960,1049,1058
IMG_4506.jpg,1512,2016,capsule,1007,1053,1079,1198
IMG_4506.jpg,1512,2016,capsule,1072,1123,1134,1275
IMG_4506.jpg,1512,2016,capsule,1097,973,1234,1090
IMG_4506.jpg,1512,2016,capsule,1102,1043,1189,1185
IMG_4506.jpg,1512,2016,capsule,1187,1040,1314,1173
IMG_4506.jpg,1512,2016,capsule,1164,1145,1284,1268
IMG_4506.jpg,1512,2016,capsule,1222,1153,1339,1280
IMG_4506.jpg,1512,2016,capsule,1387,1060,1469,1213
IMG_4358_3.jpg,415,337,capsule,95,47,370,303
IMG_4505.jpg,1512,2016,capsule,499,730,609,838
IMG_4505.jpg,1512,2016,gel,452,438,547,505
IMG_4505.jpg,1512,2016,gel,607,280,692,345
IMG_4505.jpg,1512,2016,gel,904,253,987,330
IMG_4505.jpg,1512,2016,gel,807,923,877,1008
IMG_4505.jpg,1512,2016,capsule,639,745,719,865
IMG_4505.jpg,1512,2016,capsule,889,708,1009,790
IMG_4505.jpg,1512,2016,capsule,914,768,999,883
IMG_4505.jpg,1512,2016,capsule,1094,913,1162,1040
IMG_4505.jpg,1512,2016,capsule,972,1050,1104,1103
IMG_4505.jpg,1512,2016,capsule,599,943,699,1053
IMG_4505.jpg,1512,2016,capsule,387,1358,484,1475
IMG_4505.jpg,1512,2016,capsule,614,1340,739,1418
IMG_4505.jpg,1512,2016,capsule,1019,1133,1137,1233
IMG_4505.jpg,1512,2016,capsule,1162,1250,1237,1380
IMG_4505.jpg,1512,2016,gel,742,1508,807,1615
IMG_4505.jpg,1512,2016,gel,832,1508,897,1598
IMG_4499.jpg,1512,2016,capsule,1038,234,1118,328
IMG_4499.jpg,1512,2016,capsule,951,303,1042,390
IMG_4499.jpg,1512,2016,capsule,924,365,1010,454
IMG_4499.jpg,1512,2016,capsule,803,363,897,448
IMG_4499.jpg,1512,2016,capsule,806,428,890,511
IMG_4499.jpg,1512,2016,capsule,470,454,530,552
IMG_4499.jpg,1512,2016,capsule,196,577,284,655
IMG_4499.jpg,1512,2016,capsule,284,621,330,720
IMG_4499.jpg,1512,2016,capsule,411,600,475,697
IMG_4499.jpg,1512,2016,capsule,634,499,704,592
IMG_4499.jpg,1512,2016,capsule,713,504,779,600
IMG_4499.jpg,1512,2016,capsule,241,721,324,804
IMG_4499.jpg,1512,2016,capsule,389,762,451,856
IMG_4499.jpg,1512,2016,capsule,197,939,299,987
IMG_4499.jpg,1512,2016,capsule,155,1034,251,1072
IMG_4499.jpg,1512,2016,capsule,872,497,930,597
IMG_4499.jpg,1512,2016,capsule,1096,532,1179,621
IMG_4499.jpg,1512,2016,capsule,1066,579,1123,680
IMG_4499.jpg,1512,2016,capsule,911,590,1015,631
IMG_4499.jpg,1512,2016,capsule,814,544,894,634
IMG_4499.jpg,1512,2016,capsule,786,589,865,677
IMG_4499.jpg,1512,2016,capsule,892,628,986,697
IMG_4499.jpg,1512,2016,capsule,738,572,792,673
IMG_4499.jpg,1512,2016,capsule,639,611,739,666
IMG_4499.jpg,1512,2016,capsule,587,617,679,690
IMG_4499.jpg,1512,2016,capsule,545,656,638,735
IMG_4499.jpg,1512,2016,capsule,639,666,731,738
IMG_4499.jpg,1512,2016,capsule,759,663,865,717
IMG_4499.jpg,1512,2016,capsule,752,704,855,756
IMG_4499.jpg,1512,2016,capsule,846,708,935,782
IMG_4499.jpg,1512,2016,capsule,938,689,1025,758
IMG_4499.jpg,1512,2016,capsule,1025,645,1065,746
IMG_4499.jpg,1512,2016,capsule,682,714,724,811
IMG_4499.jpg,1512,2016,capsule,615,779,692,868
IMG_4499.jpg,1512,2016,capsule,552,786,642,859
IMG_4499.jpg,1512,2016,capsule,570,859,665,907
IMG_4499.jpg,1512,2016,capsule,472,901,553,982
IMG_4499.jpg,1512,2016,capsule,438,966,537,1014
IMG_4499.jpg,1512,2016,capsule,553,911,590,1013
IMG_4499.jpg,1512,2016,capsule,310,1121,407,1190
IMG_4499.jpg,1512,2016,capsule,737,751,839,790
IMG_4499.jpg,1512,2016,capsule,821,780,921,821
IMG_4499.jpg,1512,2016,capsule,741,800,821,882
IMG_4499.jpg,1512,2016,capsule,796,817,882,892
IMG_4499.jpg,1512,2016,capsule,831,845,907,927
IMG_4499.jpg,1512,2016,capsule,966,841,1023,937
IMG_4499.jpg,1512,2016,capsule,1018,721,1092,811
IMG_4499.jpg,1512,2016,capsule,1087,694,1137,796
IMG_4499.jpg,1512,2016,capsule,1192,720,1242,821
IMG_4499.jpg,1512,2016,capsule,1261,715,1314,813
IMG_4499.jpg,1512,2016,capsule,1020,786,1090,879
IMG_4499.jpg,1512,2016,capsule,1096,862,1192,928
IMG_4499.jpg,1512,2016,capsule,1287,821,1366,903
IMG_4499.jpg,1512,2016,capsule,1056,866,1124,958
IMG_4499.jpg,1512,2016,capsule,1232,890,1294,986
IMG_4499.jpg,1512,2016,capsule,1117,927,1180,1018
IMG_4499.jpg,1512,2016,capsule,1262,1018,1325,1115
IMG_4499.jpg,1512,2016,capsule,1328,1080,1386,1176
IMG_4499.jpg,1512,2016,capsule,727,882,837,932
IMG_4499.jpg,1512,2016,capsule,466,1027,558,1100
IMG_4499.jpg,1512,2016,capsule,503,1044,597,1123
IMG_4499.jpg,1512,2016,capsule,575,982,665,1056
IMG_4499.jpg,1512,2016,capsule,655,948,710,1048
IMG_4499.jpg,1512,2016,capsule,630,1021,694,1118
IMG_4499.jpg,1512,2016,capsule,594,1049,665,1141
IMG_4499.jpg,1512,2016,capsule,553,1086,610,1180
IMG_4499.jpg,1512,2016,capsule,455,1149,521,1245
IMG_4499.jpg,1512,2016,capsule,735,961,784,1055
IMG_4499.jpg,1512,2016,capsule,793,935,834,1031
IMG_4499.jpg,1512,2016,capsule,855,946,923,1037
IMG_4499.jpg,1512,2016,capsule,1020,935,1061,1037
IMG_4499.jpg,1512,2016,capsule,1063,965,1107,1063
IMG_4499.jpg,1512,2016,capsule,1183,1055,1231,1151
IMG_4499.jpg,1512,2016,capsule,1244,1152,1318,1238
IMG_4499.jpg,1512,2016,capsule,1325,1246,1417,1325
IMG_4499.jpg,1512,2016,capsule,689,1048,759,1142
IMG_4499.jpg,1512,2016,capsule,597,1125,677,1208
IMG_4499.jpg,1512,2016,capsule,682,1114,728,1218
IMG_4499.jpg,1512,2016,capsule,727,1117,811,1187
IMG_4499.jpg,1512,2016,capsule,873,1051,970,1097
IMG_4499.jpg,1512,2016,capsule,990,1042,1034,1145
IMG_4499.jpg,1512,2016,capsule,835,1090,893,1182
IMG_4499.jpg,1512,2016,capsule,887,1093,983,1149
IMG_4499.jpg,1512,2016,capsule,1086,1094,1152,1187
IMG_4499.jpg,1512,2016,capsule,1048,1094,1114,1190
IMG_4499.jpg,1512,2016,capsule,1131,1161,1231,1218
IMG_4499.jpg,1512,2016,capsule,608,1199,704,1254
IMG_4499.jpg,1512,2016,capsule,703,1175,786,1249
IMG_4499.jpg,1512,2016,capsule,721,1206,814,1275
IMG_4499.jpg,1512,2016,capsule,818,1170,915,1223
IMG_4499.jpg,1512,2016,capsule,901,1145,986,1220
IMG_4499.jpg,1512,2016,capsule,966,1139,1066,1186
IMG_4499.jpg,1512,2016,capsule,977,1173,1080,1218
IMG_4499.jpg,1512,2016,capsule,1018,1210,1103,1280
IMG_4499.jpg,1512,2016,capsule,945,1213,1028,1292
IMG_4499.jpg,1512,2016,capsule,872,1214,970,1254
IMG_4499.jpg,1512,2016,capsule,1283,1327,1351,1421
IMG_4499.jpg,1512,2016,capsule,1200,1314,1253,1415
IMG_4499.jpg,1512,2016,capsule,1192,1466,1273,1544
IMG_4499.jpg,1512,2016,capsule,1123,1294,1197,1387
IMG_4499.jpg,1512,2016,capsule,1106,1345,1179,1437
IMG_4499.jpg,1512,2016,capsule,1001,1310,1100,1365
IMG_4499.jpg,1512,2016,capsule,958,1297,1004,1394
IMG_4499.jpg,1512,2016,capsule,896,1254,961,1346
IMG_4499.jpg,1512,2016,capsule,961,1415,1059,1472
IMG_4499.jpg,1512,2016,capsule,846,1239,911,1331
IMG_4499.jpg,1512,2016,capsule,806,1238,873,1331
IMG_4499.jpg,1512,2016,capsule,665,1254,762,1315
IMG_4499.jpg,1512,2016,capsule,784,1303,862,1394
IMG_4499.jpg,1512,2016,capsule,894,1325,952,1423
IMG_4499.jpg,1512,2016,capsule,862,1349,904,1455
IMG_4499.jpg,1512,2016,capsule,715,1324,804,1404
IMG_4499.jpg,1512,2016,capsule,766,1406,846,1496
IMG_4499.jpg,1512,2016,capsule,662,1387,759,1448
IMG_4499.jpg,1512,2016,capsule,686,1418,779,1493
IMG_4499.jpg,1512,2016,capsule,586,1314,663,1406
IMG_4499.jpg,1512,2016,capsule,518,1244,562,1345
IMG_4499.jpg,1512,2016,capsule,480,1239,524,1334
IMG_4499.jpg,1512,2016,capsule,203,1289,297,1362
IMG_4499.jpg,1512,2016,capsule,579,1635,677,1703
IMG_4361_3.jpg,735,584,tablet,64,6,293,245
IMG_4361_3.jpg,735,584,tablet,5,238,236,471
IMG_4361_3.jpg,735,584,tablet,17,474,249,584
IMG_4361_3.jpg,735,584,tablet,282,99,510,327
IMG_4361_3.jpg,735,584,tablet,226,331,451,557
IMG_4361_3.jpg,735,584,tablet,480,1,718,228
IMG_4361_3.jpg,735,584,tablet,494,348,722,573
IMG_4361_3.jpg,735,584,tablet,376,528,567,584
IMG_4376_2.jpg,501,765,capsule,2,68,277,217
IMG_4376_2.jpg,501,765,capsule,36,1,296,88
IMG_4376_2.jpg,501,765,capsule,1,176,192,345
IMG_4376_2.jpg,501,765,capsule,1,333,246,583
IMG_4376_2.jpg,501,765,capsule,1,591,350,748
IMG_4376_2.jpg,501,765,capsule,80,278,386,509
IMG_4376_2.jpg,501,765,capsule,286,430,501,622
IMG_4376_2.jpg,501,765,capsule,186,202,489,423
IMG_4376_2.jpg,501,765,capsule,252,116,501,314
IMG_4376_2.jpg,501,765,capsule,256,2,501,185
IMG_4511.jpg,2016,1512,gel,919,278,975,345
IMG_4511.jpg,2016,1512,gel,1153,267,1210,337
IMG_4511.jpg,2016,1512,gel,1184,217,1244,293
IMG_4511.jpg,2016,1512,gel,1231,204,1284,278
IMG_4511.jpg,2016,1512,gel,1269,206,1342,263
IMG_4511.jpg,2016,1512,gel,916,400,966,465
IMG_4511.jpg,2016,1512,gel,855,428,905,497
IMG_4511.jpg,2016,1512,gel,827,474,895,534
IMG_4511.jpg,2016,1512,gel,564,789,625,843
IMG_4511.jpg,2016,1512,gel,871,571,931,619
IMG_4511.jpg,2016,1512,gel,910,515,962,578
IMG_4511.jpg,2016,1512,gel,992,389,1045,458
IMG_4511.jpg,2016,1512,gel,1012,469,1068,521
IMG_4511.jpg,2016,1512,gel,958,510,1005,574
IMG_4511.jpg,2016,1512,gel,1005,519,1057,574
IMG_4511.jpg,2016,1512,gel,1051,485,1127,532
IMG_4511.jpg,2016,1512,gel,1094,510,1147,563
IMG_4511.jpg,2016,1512,gel,1079,397,1134,456
IMG_4511.jpg,2016,1512,gel,1173,398,1242,450
IMG_4511.jpg,2016,1512,gel,1231,387,1303,437
IMG_4511.jpg,2016,1512,gel,1444,341,1499,413
IMG_4511.jpg,2016,1512,gel,1188,439,1260,484
IMG_4511.jpg,2016,1512,gel,1253,447,1308,510
IMG_4511.jpg,2016,1512,gel,1205,500,1264,554
IMG_4511.jpg,2016,1512,gel,1258,513,1329,567
IMG_4511.jpg,2016,1512,gel,1338,467,1390,526
IMG_4511.jpg,2016,1512,gel,1386,474,1434,539
IMG_4511.jpg,2016,1512,gel,1436,482,1495,543
IMG_4511.jpg,2016,1512,gel,1595,480,1669,534
IMG_4511.jpg,2016,1512,gel,927,593,994,645
IMG_4511.jpg,2016,1512,gel,977,576,1045,630
IMG_4511.jpg,2016,1512,gel,1038,543,1094,597
IMG_4511.jpg,2016,1512,gel,853,702,914,758
IMG_4511.jpg,2016,1512,gel,610,1019,664,1080
IMG_4511.jpg,2016,1512,gel,727,1095,786,1156
IMG_4511.jpg,2016,1512,gel,916,963,968,1032
IMG_4511.jpg,2016,1512,gel,923,1239,997,1287
IMG_4511.jpg,2016,1512,gel,936,1284,1007,1339
IMG_4511.jpg,2016,1512,gel,1082,1072,1138,1139
IMG_4511.jpg,2016,1512,gel,1134,1156,1194,1230
IMG_4511.jpg,2016,1512,gel,1299,1234,1358,1310
IMG_4511.jpg,2016,1512,gel,1175,1022,1232,1078
IMG_4511.jpg,2016,1512,gel,1132,943,1186,1011
IMG_4511.jpg,2016,1512,gel,1023,863,1086,911
IMG_4511.jpg,2016,1512,gel,1081,806,1142,872
IMG_4511.jpg,2016,1512,gel,1079,760,1149,815
IMG_4511.jpg,2016,1512,gel,975,765,1040,828
IMG_4511.jpg,2016,1512,gel,960,702,1010,761
IMG_4511.jpg,2016,1512,gel,934,650,982,713
IMG_4511.jpg,2016,1512,gel,977,624,1040,682
IMG_4511.jpg,2016,1512,gel,1032,628,1095,691
IMG_4511.jpg,2016,1512,gel,1075,615,1136,682
IMG_4511.jpg,2016,1512,gel,1125,630,1175,698
IMG_4511.jpg,2016,1512,gel,1162,656,1214,719
IMG_4511.jpg,2016,1512,gel,1205,669,1262,734
IMG_4511.jpg,2016,1512,gel,1264,667,1329,724
IMG_4511.jpg,2016,1512,gel,1238,722,1307,772
IMG_4511.jpg,2016,1512,gel,1288,763,1340,832
IMG_4511.jpg,2016,1512,gel,1308,813,1366,871
IMG_4511.jpg,2016,1512,gel,1381,741,1438,806
IMG_4511.jpg,2016,1512,gel,1414,787,1471,856
IMG_4511.jpg,2016,1512,gel,1373,948,1427,1019
IMG_4511.jpg,2016,1512,gel,1449,997,1514,1054
IMG_4511.jpg,2016,1512,gel,1099,554,1145,619
IMG_4511.jpg,2016,1512,gel,1140,574,1192,641
IMG_4511.jpg,2016,1512,gel,1195,595,1266,648
IMG_4376_4.jpg,451,302,capsule,60,22,290,268
IMG_4376_4.jpg,451,302,capsule,186,67,437,302
IMG_4358_2.jpg,433,511,capsule,61,12,408,160
IMG_4358_2.jpg,433,511,capsule,58,129,423,288
IMG_4358_2.jpg,433,511,capsule,3,196,387,354
IMG_4358_2.jpg,433,511,capsule,14,347,433,497
IMG_4358_2.jpg,433,511,capsule,1,7,95,128
IMG_4376_5.jpg,638,235,capsule,83,26,247,169
IMG_4376_5.jpg,638,235,capsule,257,14,415,164
IMG_4376_5.jpg,638,235,capsule,377,184,605,235
IMG_4376_5.jpg,638,235,capsule,5,177,238,235
IMG_4376_5.jpg,638,235,capsule,1,131,169,216
IMG_4352_1.jpg,355,321,capsule,30,66,302,259
IMG_4500.jpg,1512,2016,capsule,309,435,395,523
IMG_4500.jpg,1512,2016,capsule,605,348,661,455
IMG_4500.jpg,1512,2016,capsule,381,492,437,595
IMG_4500.jpg,1512,2016,capsule,516,493,587,589
IMG_4500.jpg,1512,2016,capsule,750,438,850,503
IMG_4500.jpg,1512,2016,capsule,797,463,897,527
IMG_4500.jpg,1512,2016,capsule,730,495,804,589
IMG_4500.jpg,1512,2016,capsule,864,500,940,597
IMG_4500.jpg,1512,2016,capsule,802,515,864,612
IMG_4500.jpg,1512,2016,capsule,825,557,887,652
IMG_4500.jpg,1512,2016,capsule,855,578,911,685
IMG_4500.jpg,1512,2016,capsule,667,567,720,667
IMG_4500.jpg,1512,2016,capsule,700,525,779,618
IMG_4500.jpg,1512,2016,capsule,722,609,821,659
IMG_4500.jpg,1512,2016,capsule,715,650,799,737
IMG_4500.jpg,1512,2016,capsule,792,640,882,724
IMG_4500.jpg,1512,2016,capsule,775,684,872,758
IMG_4500.jpg,1512,2016,capsule,745,713,842,783
IMG_4500.jpg,1512,2016,capsule,892,629,939,737
IMG_4500.jpg,1512,2016,capsule,931,620,976,725
IMG_4500.jpg,1512,2016,capsule,334,585,414,678
IMG_4500.jpg,1512,2016,capsule,482,652,536,755
IMG_4500.jpg,1512,2016,capsule,612,729,710,794
IMG_4500.jpg,1512,2016,capsule,685,715,774,798
IMG_4500.jpg,1512,2016,capsule,835,757,934,810
IMG_4500.jpg,1512,2016,capsule,922,722,979,823
IMG_4500.jpg,1512,2016,capsule,967,735,1019,837
IMG_4500.jpg,1512,2016,capsule,999,719,1055,822
IMG_4500.jpg,1512,2016,capsule,1035,704,1087,814
IMG_4500.jpg,1512,2016,capsule,1079,683,1126,784
IMG_4500.jpg,1512,2016,capsule,261,805,364,863
IMG_4500.jpg,1512,2016,capsule,205,893,306,935
IMG_4500.jpg,1512,2016,capsule,541,805,620,897
IMG_4500.jpg,1512,2016,capsule,642,787,742,839
IMG_4500.jpg,1512,2016,capsule,617,832,661,930
IMG_4500.jpg,1512,2016,capsule,497,863,599,925
IMG_4500.jpg,1512,2016,capsule,761,787,857,855
IMG_4500.jpg,1512,2016,capsule,851,799,956,852
IMG_4500.jpg,1512,2016,capsule,825,830,927,879
IMG_4500.jpg,1512,2016,capsule,975,842,1075,890
IMG_4500.jpg,1512,2016,capsule,1069,793,1116,894
IMG_4500.jpg,1512,2016,capsule,1109,788,1152,894
IMG_4500.jpg,1512,2016,capsule,776,860,877,912
IMG_4500.jpg,1512,2016,capsule,856,868,954,937
IMG_4500.jpg,1512,2016,capsule,907,882,1001,958
IMG_4500.jpg,1512,2016,capsule,996,885,1097,934
IMG_4500.jpg,1512,2016,capsule,1029,933,1077,1035
IMG_4500.jpg,1512,2016,capsule,1075,912,1125,1009
IMG_4500.jpg,1512,2016,capsule,969,924,1041,1018
IMG_4500.jpg,1512,2016,capsule,344,1013,446,1069
IMG_4500.jpg,1512,2016,capsule,214,1163,312,1225
IMG_4500.jpg,1512,2016,capsule,517,943,614,1005
IMG_4500.jpg,1512,2016,capsule,631,905,724,983
IMG_4500.jpg,1512,2016,capsule,720,879,766,983
IMG_4500.jpg,1512,2016,capsule,759,904,822,1003
IMG_4500.jpg,1512,2016,capsule,802,903,869,999
IMG_4500.jpg,1512,2016,capsule,859,928,914,1030
IMG_4500.jpg,1512,2016,capsule,899,944,976,1033
IMG_4500.jpg,1512,2016,capsule,914,974,994,1064
IMG_4500.jpg,1512,2016,capsule,935,1004,1021,1092
IMG_4500.jpg,1512,2016,capsule,551,964,642,1037
IMG_4500.jpg,1512,2016,capsule,486,1054,547,1150
IMG_4500.jpg,1512,2016,capsule,495,1148,546,1243
IMG_4500.jpg,1512,2016,capsule,532,1158,577,1259
IMG_4500.jpg,1512,2016,capsule,587,1008,656,1104
IMG_4500.jpg,1512,2016,capsule,644,973,705,1070
IMG_4500.jpg,1512,2016,capsule,681,954,736,1052
IMG_4500.jpg,1512,2016,capsule,730,978,790,1077
IMG_4500.jpg,1512,2016,capsule,807,992,892,1077
IMG_4500.jpg,1512,2016,capsule,797,1029,835,1129
IMG_4500.jpg,1512,2016,capsule,739,1042,800,1135
IMG_4500.jpg,1512,2016,capsule,691,1057,740,1155
IMG_4500.jpg,1512,2016,capsule,640,1053,704,1143
IMG_4500.jpg,1512,2016,capsule,632,1127,722,1202
IMG_4500.jpg,1512,2016,capsule,720,1117,804,1192
IMG_4500.jpg,1512,2016,capsule,829,1069,871,1172
IMG_4500.jpg,1512,2016,capsule,865,1067,907,1167
IMG_4500.jpg,1512,2016,capsule,896,1088,941,1187
IMG_4500.jpg,1512,2016,capsule,927,1108,980,1208
IMG_4500.jpg,1512,2016,capsule,981,1079,1032,1179
IMG_4500.jpg,1512,2016,capsule,1169,1160,1259,1240
IMG_4500.jpg,1512,2016,capsule,1252,1075,1311,1174
IMG_4500.jpg,1512,2016,capsule,1316,1044,1404,1124
IMG_4500.jpg,1512,2016,capsule,1371,1113,1447,1213
IMG_4500.jpg,1512,2016,capsule,1290,1175,1356,1270
IMG_4500.jpg,1512,2016,capsule,1352,1293,1449,1359
IMG_4500.jpg,1512,2016,capsule,1041,1194,1142,1245
IMG_4500.jpg,1512,2016,capsule,1037,1233,1137,1282
IMG_4500.jpg,1512,2016,capsule,852,1170,952,1237
IMG_4500.jpg,1512,2016,capsule,792,1138,837,1239
IMG_4500.jpg,1512,2016,capsule,834,1199,932,1265
IMG_4500.jpg,1512,2016,capsule,716,1169,797,1250
IMG_4500.jpg,1512,2016,capsule,641,1220,736,1298
IMG_4500.jpg,1512,2016,capsule,602,1238,669,1337
IMG_4500.jpg,1512,2016,capsule,756,1227,814,1322
IMG_4500.jpg,1512,2016,capsule,804,1245,864,1345
IMG_4500.jpg,1512,2016,capsule,850,1249,945,1310
IMG_4500.jpg,1512,2016,capsule,980,1220,1065,1309
IMG_4500.jpg,1512,2016,capsule,950,1243,1034,1325
IMG_4500.jpg,1512,2016,capsule,642,1334,741,1398
IMG_4500.jpg,1512,2016,capsule,694,1298,777,1385
IMG_4500.jpg,1512,2016,capsule,744,1299,824,1388
IMG_4500.jpg,1512,2016,capsule,871,1299,967,1363
IMG_4500.jpg,1512,2016,capsule,942,1285,1026,1370
IMG_4500.jpg,1512,2016,capsule,1070,1274,1160,1348
IMG_4500.jpg,1512,2016,capsule,1187,1290,1287,1344
IMG_4500.jpg,1512,2016,capsule,1292,1363,1370,1452
IMG_4500.jpg,1512,2016,capsule,1199,1345,1286,1425
IMG_4500.jpg,1512,2016,capsule,1144,1299,1210,1399
IMG_4500.jpg,1512,2016,capsule,1124,1342,1179,1444
IMG_4500.jpg,1512,2016,capsule,1067,1335,1130,1434
IMG_4500.jpg,1512,2016,capsule,1024,1413,1066,1513
IMG_4500.jpg,1512,2016,capsule,970,1399,1024,1495
IMG_4500.jpg,1512,2016,capsule,940,1520,1035,1585
IMG_4500.jpg,1512,2016,capsule,549,1570,642,1630
IMG_4500.jpg,1512,2016,capsule,860,1334,941,1422
IMG_4500.jpg,1512,2016,capsule,824,1340,900,1434
IMG_4500.jpg,1512,2016,capsule,754,1379,845,1454
IMG_4500.jpg,1512,2016,capsule,684,1379,780,1442
IMG_4501.jpg,1512,2016,capsule,776,338,842,398
IMG_4501.jpg,1512,2016,capsule,580,428,637,499
IMG_4501.jpg,1512,2016,capsule,635,428,692,499
IMG_4501.jpg,1512,2016,capsule,850,445,916,503
IMG_4501.jpg,1512,2016,capsule,940,427,990,503
IMG_4501.jpg,1512,2016,capsule,929,470,962,544
IMG_4501.jpg,1512,2016,capsule,1001,427,1050,497
IMG_4501.jpg,1512,2016,capsule,1041,433,1091,505
IMG_4501.jpg,1512,2016,capsule,1082,447,1145,509
IMG_4501.jpg,1512,2016,capsule,1066,499,1122,568
IMG_4501.jpg,1512,2016,capsule,1004,508,1069,574
IMG_4501.jpg,1512,2016,capsule,846,500,916,553
IMG_4501.jpg,1512,2016,capsule,689,509,736,585
IMG_4501.jpg,1512,2016,capsule,607,523,680,552
IMG_4501.jpg,1512,2016,capsule,779,555,839,622
IMG_4501.jpg,1512,2016,capsule,856,587,929,620
IMG_4501.jpg,1512,2016,capsule,1005,628,1051,703
IMG_4501.jpg,1512,2016,capsule,1060,639,1096,714
IMG_4501.jpg,1512,2016,capsule,1114,597,1190,645
IMG_4501.jpg,1512,2016,capsule,1237,519,1297,589
IMG_4501.jpg,1512,2016,capsule,1317,597,1391,648
IMG_4501.jpg,1512,2016,capsule,1292,734,1364,794
IMG_4501.jpg,1512,2016,capsule,1265,774,1336,832
IMG_4501.jpg,1512,2016,capsule,1165,760,1240,793
IMG_4501.jpg,1512,2016,capsule,639,569,702,630
IMG_4501.jpg,1512,2016,capsule,334,595,404,655
IMG_4501.jpg,1512,2016,capsule,451,602,491,672
IMG_4501.jpg,1512,2016,capsule,329,658,385,720
IMG_4501.jpg,1512,2016,capsule,286,697,330,770
IMG_4501.jpg,1512,2016,capsule,412,722,450,794
IMG_4501.jpg,1512,2016,capsule,492,689,561,744
IMG_4501.jpg,1512,2016,capsule,469,725,514,795
IMG_4501.jpg,1512,2016,capsule,497,750,562,805
IMG_4501.jpg,1512,2016,capsule,555,713,601,787
IMG_4501.jpg,1512,2016,capsule,587,674,634,742
IMG_4501.jpg,1512,2016,capsule,577,618,615,693
IMG_4501.jpg,1512,2016,capsule,661,663,699,737
IMG_4501.jpg,1512,2016,capsule,695,638,750,699
IMG_4501.jpg,1512,2016,capsule,756,653,795,727
IMG_4501.jpg,1512,2016,capsule,820,689,861,762
IMG_4501.jpg,1512,2016,capsule,764,698,819,760
IMG_4501.jpg,1512,2016,capsule,701,707,771,753
IMG_4501.jpg,1512,2016,capsule,607,739,677,785
IMG_4501.jpg,1512,2016,capsule,602,775,671,819
IMG_4501.jpg,1512,2016,capsule,736,759,775,830
IMG_4501.jpg,1512,2016,capsule,794,739,825,813
IMG_4501.jpg,1512,2016,capsule,850,802,882,873
IMG_4501.jpg,1512,2016,capsule,914,738,964,807
IMG_4501.jpg,1512,2016,capsule,972,717,1017,789
IMG_4501.jpg,1512,2016,capsule,1047,773,1090,845
IMG_4501.jpg,1512,2016,capsule,1094,760,1140,834
IMG_4501.jpg,1512,2016,capsule,1087,818,1144,883
IMG_4501.jpg,1512,2016,capsule,1267,928,1307,1002
IMG_4501.jpg,1512,2016,capsule,1249,1063,1326,1097
IMG_4501.jpg,1512,2016,capsule,1119,862,1179,929
IMG_4501.jpg,1512,2016,capsule,1100,918,1167,974
IMG_4501.jpg,1512,2016,capsule,1056,843,1096,918
IMG_4501.jpg,1512,2016,capsule,950,797,1025,828
IMG_4501.jpg,1512,2016,capsule,965,840,1037,873
IMG_4501.jpg,1512,2016,capsule,910,792,965,858
IMG_4501.jpg,1512,2016,capsule,740,825,809,873
IMG_4501.jpg,1512,2016,capsule,659,840,697,914
IMG_4501.jpg,1512,2016,capsule,600,850,650,919
IMG_4501.jpg,1512,2016,capsule,379,849,419,922
IMG_4501.jpg,1512,2016,capsule,434,859,490,925
IMG_4501.jpg,1512,2016,capsule,474,883,512,955
IMG_4501.jpg,1512,2016,capsule,516,932,555,1008
IMG_4501.jpg,1512,2016,capsule,590,928,654,989
IMG_4501.jpg,1512,2016,capsule,719,865,790,918
IMG_4501.jpg,1512,2016,capsule,684,945,739,1004
IMG_4501.jpg,1512,2016,capsule,914,873,989,910
IMG_4501.jpg,1512,2016,capsule,929,908,1004,942
IMG_4501.jpg,1512,2016,capsule,306,944,362,1012
IMG_4501.jpg,1512,2016,capsule,371,944,426,1013
IMG_4501.jpg,1512,2016,capsule,302,1029,337,1100
IMG_4501.jpg,1512,2016,capsule,360,1017,440,1054
IMG_4501.jpg,1512,2016,capsule,390,1084,462,1129
IMG_4501.jpg,1512,2016,capsule,126,1109,197,1160
IMG_4501.jpg,1512,2016,capsule,200,1283,249,1357
IMG_4501.jpg,1512,2016,capsule,136,1375,177,1443
IMG_4501.jpg,1512,2016,capsule,446,1192,492,1265
IMG_4501.jpg,1512,2016,capsule,492,1184,549,1247
IMG_4501.jpg,1512,2016,capsule,517,1285,584,1339
IMG_4501.jpg,1512,2016,capsule,524,1364,595,1413
IMG_4501.jpg,1512,2016,capsule,627,1509,702,1544
IMG_4501.jpg,1512,2016,capsule,566,1030,609,1107
IMG_4501.jpg,1512,2016,capsule,540,1125,604,1183
IMG_4501.jpg,1512,2016,capsule,591,1128,639,1197
IMG_4501.jpg,1512,2016,capsule,615,1182,685,1233
IMG_4501.jpg,1512,2016,capsule,682,994,735,1065
IMG_4501.jpg,1512,2016,capsule,762,969,839,1007
IMG_4501.jpg,1512,2016,capsule,747,1000,790,1067
IMG_4501.jpg,1512,2016,capsule,712,1065,764,1135
IMG_4501.jpg,1512,2016,capsule,709,1133,751,1202
IMG_4501.jpg,1512,2016,capsule,734,1214,766,1287
IMG_4501.jpg,1512,2016,capsule,711,1283,777,1333
IMG_4501.jpg,1512,2016,capsule,767,1293,826,1350
IMG_4501.jpg,1512,2016,capsule,800,1069,859,1133
IMG_4501.jpg,1512,2016,capsule,857,994,910,1060
IMG_4501.jpg,1512,2016,capsule,904,947,947,1017
IMG_4501.jpg,1512,2016,capsule,845,1168,914,1223
IMG_4501.jpg,1512,2016,capsule,854,1223,902,1294
IMG_4501.jpg,1512,2016,capsule,884,1250,921,1323
IMG_4501.jpg,1512,2016,capsule,905,1210,974,1262
IMG_4501.jpg,1512,2016,capsule,872,1080,919,1152
IMG_4501.jpg,1512,2016,capsule,862,1054,935,1084
IMG_4501.jpg,1512,2016,capsule,932,1084,980,1155
IMG_4501.jpg,1512,2016,capsule,935,1147,1000,1199
IMG_4501.jpg,1512,2016,capsule,1012,1369,1084,1419
IMG_4501.jpg,1512,2016,capsule,1239,1428,1290,1495
IMG_4501.jpg,1512,2016,capsule,1087,1274,1154,1330
IMG_4501.jpg,1512,2016,capsule,1000,1199,1075,1238
IMG_4501.jpg,1512,2016,capsule,1021,1164,1099,1202
IMG_4501.jpg,1512,2016,capsule,971,1058,1015,1130
IMG_4501.jpg,1512,2016,capsule,1001,1094,1075,1143
IMG_4501.jpg,1512,2016,capsule,1065,1077,1100,1149
IMG_4501.jpg,1512,2016,capsule,1051,1009,1111,1074
IMG_4501.jpg,1512,2016,capsule,1094,1034,1130,1109
IMG_4503.jpg,2016,1512,capsule,482,71,532,165
IMG_4503.jpg,2016,1512,capsule,419,313,460,404
IMG_4503.jpg,2016,1512,capsule,618,269,681,354
IMG_4503.jpg,2016,1512,capsule,803,206,858,293
IMG_4503.jpg,2016,1512,capsule,908,206,982,289
IMG_4503.jpg,2016,1512,capsule,468,428,562,478
IMG_4503.jpg,2016,1512,capsule,557,395,636,474
IMG_4503.jpg,2016,1512,capsule,690,333,754,416
IMG_4503.jpg,2016,1512,capsule,760,335,842,408
IMG_4503.jpg,2016,1512,capsule,931,304,1018,343
IMG_4503.jpg,2016,1512,capsule,1051,247,1138,287
IMG_4503.jpg,2016,1512,capsule,1034,287,1121,326
IMG_4503.jpg,2016,1512,capsule,1274,288,1354,347
IMG_4503.jpg,2016,1512,capsule,435,477,495,566
IMG_4503.jpg,2016,1512,capsule,371,540,437,624
IMG_4503.jpg,2016,1512,capsule,521,526,595,604
IMG_4503.jpg,2016,1512,capsule,629,471,720,524
IMG_4503.jpg,2016,1512,capsule,762,444,835,518
IMG_4503.jpg,2016,1512,capsule,799,490,887,541
IMG_4503.jpg,2016,1512,capsule,693,533,759,619
IMG_4503.jpg,2016,1512,capsule,1426,463,1498,546
IMG_4503.jpg,2016,1512,capsule,1599,483,1645,569
IMG_4503.jpg,2016,1512,capsule,1457,560,1521,640
IMG_4503.jpg,2016,1512,capsule,1574,607,1634,690
IMG_4503.jpg,2016,1512,capsule,1849,843,1895,924
IMG_4503.jpg,2016,1512,capsule,1704,926,1770,1001
IMG_4503.jpg,2016,1512,capsule,570,672,621,758
IMG_4503.jpg,2016,1512,capsule,543,744,628,816
IMG_4503.jpg,2016,1512,capsule,529,780,615,847
IMG_4503.jpg,2016,1512,capsule,463,788,532,872
IMG_4503.jpg,2016,1512,capsule,621,699,710,757
IMG_4503.jpg,2016,1512,capsule,698,676,762,762
IMG_4503.jpg,2016,1512,capsule,806,630,856,715
IMG_4503.jpg,2016,1512,capsule,918,627,967,710
IMG_4503.jpg,2016,1512,capsule,868,727,931,808
IMG_4503.jpg,2016,1512,capsule,953,633,1009,719
IMG_4503.jpg,2016,1512,capsule,967,668,1024,752
IMG_4503.jpg,2016,1512,capsule,1101,547,1151,632
IMG_4503.jpg,2016,1512,capsule,1201,515,1288,560
IMG_4503.jpg,2016,1512,capsule,1156,565,1228,637
IMG_4503.jpg,2016,1512,capsule,1228,551,1296,627
IMG_4503.jpg,2016,1512,capsule,1296,555,1374,627
IMG_4503.jpg,2016,1512,capsule,1293,604,1371,676
IMG_4503.jpg,2016,1512,capsule,1529,683,1618,730
IMG_4503.jpg,2016,1512,capsule,1454,705,1496,790
IMG_4503.jpg,2016,1512,capsule,1526,718,1585,796
IMG_4503.jpg,2016,1512,capsule,1134,658,1213,724
IMG_4503.jpg,2016,1512,capsule,1221,668,1292,737
IMG_4503.jpg,2016,1512,capsule,1237,696,1317,762
IMG_4503.jpg,2016,1512,capsule,428,860,504,940
IMG_4503.jpg,2016,1512,capsule,512,968,603,1013
IMG_4503.jpg,2016,1512,capsule,424,1069,498,1157
IMG_4503.jpg,2016,1512,capsule,537,1124,609,1204
IMG_4503.jpg,2016,1512,capsule,660,1182,748,1233
IMG_4503.jpg,2016,1512,capsule,695,1099,754,1187
IMG_4503.jpg,2016,1512,capsule,723,1029,778,1122
IMG_4503.jpg,2016,1512,capsule,626,813,712,872
IMG_4503.jpg,2016,1512,capsule,548,832,610,921
IMG_4503.jpg,2016,1512,capsule,603,871,693,924
IMG_4503.jpg,2016,1512,capsule,613,924,703,979
IMG_4503.jpg,2016,1512,capsule,681,826,765,883
IMG_4503.jpg,2016,1512,capsule,710,855,788,915
IMG_4503.jpg,2016,1512,capsule,729,922,785,1008
IMG_4503.jpg,2016,1512,capsule,776,910,857,976
IMG_4503.jpg,2016,1512,capsule,867,852,945,921
IMG_4503.jpg,2016,1512,capsule,793,1010,876,1079
IMG_4503.jpg,2016,1512,capsule,871,933,959,985
IMG_4503.jpg,2016,1512,capsule,971,821,1017,907
IMG_4503.jpg,2016,1512,capsule,990,727,1073,772
IMG_4503.jpg,2016,1512,capsule,995,768,1073,827
IMG_4503.jpg,2016,1512,capsule,1068,699,1113,783
IMG_4503.jpg,2016,1512,capsule,1095,729,1137,816
IMG_4503.jpg,2016,1512,capsule,1128,719,1178,805
IMG_4503.jpg,2016,1512,capsule,1107,829,1168,910
IMG_4503.jpg,2016,1512,capsule,1157,819,1243,862
IMG_4503.jpg,2016,1512,capsule,1207,762,1282,829
IMG_4503.jpg,2016,1512,capsule,1253,769,1320,849
IMG_4503.jpg,2016,1512,capsule,1324,755,1406,808
IMG_4503.jpg,2016,1512,capsule,1387,777,1428,863
IMG_4503.jpg,2016,1512,capsule,1420,824,1468,907
IMG_4503.jpg,2016,1512,capsule,1445,812,1503,896
IMG_4503.jpg,2016,1512,capsule,1476,783,1553,840
IMG_4503.jpg,2016,1512,capsule,1520,788,1596,857
IMG_4503.jpg,2016,1512,capsule,1546,807,1620,880
IMG_4503.jpg,2016,1512,capsule,1588,805,1662,885
IMG_4503.jpg,2016,1512,capsule,1651,885,1721,960
IMG_4503.jpg,2016,1512,capsule,863,1071,953,1119
IMG_4503.jpg,2016,1512,capsule,807,1171,890,1237
IMG_4503.jpg,2016,1512,capsule,888,1116,931,1205
IMG_4503.jpg,2016,1512,capsule,960,1121,1031,1197
IMG_4503.jpg,2016,1512,capsule,1235,894,1301,972
IMG_4503.jpg,2016,1512,capsule,1260,851,1340,912
IMG_4503.jpg,2016,1512,capsule,1282,874,1354,947
IMG_4503.jpg,2016,1512,capsule,1362,872,1431,951
IMG_4503.jpg,2016,1512,capsule,1346,918,1413,993
IMG_4503.jpg,2016,1512,capsule,1315,924,1363,1012
IMG_4503.jpg,2016,1512,capsule,1488,904,1549,983
IMG_4503.jpg,2016,1512,capsule,1456,985,1538,1043
IMG_4503.jpg,2016,1512,capsule,1487,1037,1526,1127
IMG_4503.jpg,2016,1512,capsule,1517,1080,1596,1137
IMG_4503.jpg,2016,1512,capsule,1603,968,1648,1058
IMG_4503.jpg,2016,1512,capsule,1642,966,1698,1051
IMG_4503.jpg,2016,1512,capsule,1659,1016,1717,1099
IMG_4503.jpg,2016,1512,capsule,1181,1035,1223,1121
IMG_4503.jpg,2016,1512,capsule,1210,1057,1246,1147
IMG_4503.jpg,2016,1512,capsule,1257,1022,1329,1099
IMG_4503.jpg,2016,1512,capsule,1245,1057,1315,1135
IMG_4503.jpg,2016,1512,capsule,1246,1119,1292,1210
IMG_4503.jpg,2016,1512,capsule,1156,1126,1209,1210
IMG_4503.jpg,2016,1512,capsule,1184,1155,1234,1246
IMG_4503.jpg,2016,1512,capsule,1240,1204,1331,1252
IMG_4503.jpg,2016,1512,capsule,754,1221,832,1296
IMG_4503.jpg,2016,1512,capsule,834,1229,926,1274
IMG_4503.jpg,2016,1512,capsule,828,1268,915,1330
IMG_4503.jpg,2016,1512,capsule,638,1326,720,1393
IMG_4503.jpg,2016,1512,capsule,721,1283,771,1376
IMG_4503.jpg,2016,1512,capsule,754,1341,815,1430
IMG_4512.jpg,2016,1512,gel,240,241,297,302
IMG_4512.jpg,2016,1512,gel,353,524,416,582
IMG_4512.jpg,2016,1512,gel,745,361,816,408
IMG_4512.jpg,2016,1512,gel,669,547,721,617
IMG_4512.jpg,2016,1512,gel,647,613,719,658
IMG_4512.jpg,2016,1512,gel,642,650,701,706
IMG_4512.jpg,2016,1512,gel,831,587,886,650
IMG_4512.jpg,2016,1512,gel,879,613,929,665
IMG_4512.jpg,2016,1512,gel,707,880,760,939
IMG_4512.jpg,2016,1512,gel,827,948,890,1008
IMG_4512.jpg,2016,1512,gel,899,815,951,871
IMG_4512.jpg,2016,1512,gel,947,778,995,847
IMG_4512.jpg,2016,1512,gel,1008,811,1053,869
IMG_4512.jpg,2016,1512,gel,1192,587,1249,648
IMG_4512.jpg,2016,1512,gel,1173,487,1238,545
IMG_4512.jpg,2016,1512,gel,1186,422,1244,482
IMG_4512.jpg,2016,1512,gel,1238,463,1292,534
IMG_4512.jpg,2016,1512,gel,1364,400,1419,471
IMG_4512.jpg,2016,1512,gel,1286,463,1349,519
IMG_4512.jpg,2016,1512,gel,1290,521,1344,584
IMG_4512.jpg,2016,1512,gel,1349,548,1423,598
IMG_4512.jpg,2016,1512,gel,1462,476,1531,526
IMG_4512.jpg,2016,1512,gel,1616,385,1692,439
IMG_4512.jpg,2016,1512,gel,1803,611,1860,672
IMG_4512.jpg,2016,1512,gel,1840,730,1910,804
IMG_4512.jpg,2016,1512,gel,1479,563,1547,624
IMG_4512.jpg,2016,1512,gel,1434,567,1490,637
IMG_4512.jpg,2016,1512,gel,1479,604,1529,672
IMG_4512.jpg,2016,1512,gel,1318,604,1388,660
IMG_4512.jpg,2016,1512,gel,1377,628,1442,684
IMG_4512.jpg,2016,1512,gel,1475,671,1534,734
IMG_4512.jpg,2016,1512,gel,1660,697,1716,760
IMG_4512.jpg,2016,1512,gel,1618,734,1690,784
IMG_4512.jpg,2016,1512,gel,1345,708,1418,761
IMG_4512.jpg,2016,1512,gel,1425,739,1494,793
IMG_4512.jpg,2016,1512,gel,1471,776,1538,828
IMG_4512.jpg,2016,1512,gel,1336,754,1399,815
IMG_4512.jpg,2016,1512,gel,1388,767,1451,837
IMG_4512.jpg,2016,1512,gel,1444,835,1507,897
IMG_4512.jpg,2016,1512,gel,1338,808,1407,869
IMG_4512.jpg,2016,1512,gel,1403,856,1464,921
IMG_4512.jpg,2016,1512,gel,1351,865,1410,932
IMG_4512.jpg,2016,1512,gel,1310,832,1358,895
IMG_4512.jpg,2016,1512,gel,1112,949,1162,1012
IMG_4512.jpg,2016,1512,gel,1085,991,1148,1041
IMG_4512.jpg,2016,1512,gel,1270,882,1340,929
IMG_4512.jpg,2016,1512,gel,1232,908,1293,951
IMG_4512.jpg,2016,1512,gel,1265,941,1331,987
IMG_4512.jpg,2016,1512,gel,1035,1082,1101,1127
IMG_4512.jpg,2016,1512,gel,1046,1122,1109,1172
IMG_4512.jpg,2016,1512,gel,1153,1057,1210,1104
IMG_4512.jpg,2016,1512,gel,1212,957,1259,1015
IMG_4512.jpg,2016,1512,gel,1209,1015,1274,1060
IMG_4512.jpg,2016,1512,gel,1279,1005,1337,1058
IMG_4512.jpg,2016,1512,gel,1243,1051,1307,1096
IMG_4512.jpg,2016,1512,gel,1193,1076,1259,1119
IMG_4512.jpg,2016,1512,gel,1223,1108,1288,1154
IMG_4512.jpg,2016,1512,gel,1248,1152,1313,1194
IMG_4512.jpg,2016,1512,gel,1248,1201,1312,1247
IMG_4512.jpg,2016,1512,gel,1313,1265,1376,1324
IMG_4512.jpg,2016,1512,gel,1351,1229,1412,1287
IMG_4512.jpg,2016,1512,gel,1368,955,1418,1018
IMG_4512.jpg,2016,1512,gel,1403,979,1449,1041
IMG_4512.jpg,2016,1512,gel,1448,980,1501,1044
IMG_4512.jpg,2016,1512,gel,1482,935,1534,1001
IMG_4512.jpg,2016,1512,gel,1507,1137,1573,1188
IMG_4512.jpg,2016,1512,gel,1642,1162,1709,1208
IMG_4359_4.jpg,788,793,capsule,7,1,201,274
IMG_4359_4.jpg,788,793,capsule,1,256,141,432
IMG_4359_4.jpg,788,793,capsule,47,415,378,760
IMG_4359_4.jpg,788,793,capsule,375,419,657,793
IMG_4359_4.jpg,788,793,capsule,137,271,502,568
IMG_4359_4.jpg,788,793,capsule,198,137,528,429
IMG_4359_4.jpg,788,793,capsule,158,1,324,159
IMG_4359_4.jpg,788,793,capsule,307,76,640,345
IMG_4359_4.jpg,788,793,capsule,294,1,602,167
IMG_4359_4.jpg,788,793,capsule,600,1,783,330
IMG_4359_4.jpg,788,793,capsule,631,331,783,719
IMG_4358_4.jpg,522,654,capsule,217,251,443,600
IMG_4358_4.jpg,522,654,capsule,1,14,362,156
IMG_4358_4.jpg,522,654,capsule,5,140,308,301
